latitude,longitude,bright_ti4,scan,track,acq_date,acq_time,satellite,instrument,confidence,version,bright_ti5,frp,daynight
-36.22846,-72.32266,333.3,0.46,0.39,2026-08-08,1836,N,VIIRS,n,2.0NRT,283.18,4.39,D
-36.22926,-72.32644,301.98,0.39,0.36,2026-08-09,555,N,VIIRS,n,2.0NRT,274.36,0.63,N
-36.22593,-72.32558,297.83,0.39,0.36,2026-08-09,555,N,VIIRS,n,2.0NRT,274.63,0.63,N
-36.22745,-72.32536,330.3,0.65,0.73,2026-08-09,1957,N,VIIRS,n,2.0NRT,283.0,5.48,D
-36.23138,-72.3403,344.82,0.48,0.64,2026-08-10,1758,N,VIIRS,n,2.0NRT,286.63,6.29,D
-37.69919,-72.14493,350.35,0.41,0.45,2026-08-11,1919,N,VIIRS,n,2.0NRT,290.78,7.74,D
-37.69824,-72.14368,349.47,0.41,0.45,2026-08-11,1919,N,VIIRS,n,2.0NRT,289.53,6.8,D
-36.22829,-72.3313,337.64,0.43,0.46,2026-08-11,1919,N,VIIRS,n,2.0NRT,286.07,5.71,D
-36.2252,-72.33765,343.5,0.43,0.46,2026-08-11,1919,N,VIIRS,n,2.0NRT,287.22,9.9,D
-36.22414,-72.33283,341.43,0.43,0.46,2026-08-11,1919,N,VIIRS,n,2.0NRT,287.98,5.71,D
-37.84921,-72.24241,329.66,0.4,0.37,2026-08-12,1900,N,VIIRS,n,2.0NRT,288.98,4.73,D
-37.84581,-72.24332,328.45,0.4,0.37,2026-08-12,1900,N,VIIRS,n,2.0NRT,287.2,4.73,D
-37.81528,-72.314,356.25,0.4,0.37,2026-08-12,1900,N,VIIRS,n,2.0NRT,294.91,11.57,D
-37.81449,-72.30942,339.52,0.4,0.37,2026-08-12,1900,N,VIIRS,n,2.0NRT,288.88,11.57,D
-37.81187,-72.31492,338.72,0.4,0.37,2026-08-12,1900,N,VIIRS,n,2.0NRT,289.42,5.6,D
-37.69596,-72.15206,333.79,0.41,0.37,2026-08-12,1900,N,VIIRS,n,2.0NRT,291.23,3.85,D
-37.69335,-72.15761,326.68,0.41,0.37,2026-08-12,1900,N,VIIRS,n,2.0NRT,287.24,3.44,D
-37.69255,-72.15301,339.4,0.41,0.37,2026-08-12,1900,N,VIIRS,n,2.0NRT,290.24,3.85,D
-36.82044,-71.80005,340.36,0.42,0.38,2026-08-12,1900,N,VIIRS,n,2.0NRT,292.23,10.5,D
-36.8178,-71.80568,335.25,0.42,0.38,2026-08-12,1900,N,VIIRS,n,2.0NRT,290.52,4.11,D
-36.81697,-71.80097,367.0,0.42,0.38,2026-08-12,1900,N,VIIRS,h,2.0NRT,291.46,10.5,D
-36.5695,-71.65585,333.48,0.43,0.38,2026-08-12,1900,N,VIIRS,n,2.0NRT,289.96,11.63,D
-36.36874,-72.34798,356.68,0.41,0.37,2026-08-12,1902,N,VIIRS,n,2.0NRT,288.03,6.82,D
-36.36531,-72.34889,342.61,0.41,0.37,2026-08-12,1902,N,VIIRS,n,2.0NRT,288.95,6.34,D
-36.32368,-72.39852,325.57,0.41,0.37,2026-08-12,1902,N,VIIRS,n,2.0NRT,287.25,1.54,D
-36.22714,-72.32626,345.69,0.41,0.37,2026-08-12,1902,N,VIIRS,n,2.0NRT,289.5,6.36,D
-36.22371,-72.32722,351.84,0.41,0.37,2026-08-12,1902,N,VIIRS,n,2.0NRT,287.94,5.9,D
-36.22028,-72.3282,338.97,0.41,0.37,2026-08-12,1902,N,VIIRS,n,2.0NRT,286.72,5.9,D
-36.21947,-72.32357,334.81,0.41,0.37,2026-08-12,1902,N,VIIRS,n,2.0NRT,284.36,5.08,D
-36.22143,-72.3251,300.38,0.54,0.42,2026-08-13,622,N,VIIRS,n,2.0NRT,275.22,1.36,N
-36.22031,-72.32551,296.54,0.54,0.42,2026-08-13,622,N,VIIRS,n,2.0NRT,275.93,1.4,N
-37.88372,-72.80096,342.48,0.4,0.37,2026-08-18,1847,N,VIIRS,n,2.0NRT,292.99,12.87,D
-37.88308,-72.79639,339.7,0.4,0.37,2026-08-18,1847,N,VIIRS,n,2.0NRT,287.17,12.76,D
-37.8803,-72.80164,352.1,0.4,0.37,2026-08-18,1847,N,VIIRS,n,2.0NRT,288.42,12.87,D
-37.8074,-72.26282,332.71,0.39,0.36,2026-08-18,1847,N,VIIRS,n,2.0NRT,287.84,3.75,D
-37.80676,-72.25834,330.11,0.39,0.36,2026-08-18,1847,N,VIIRS,n,2.0NRT,287.87,3.75,D
-37.78607,-72.3325,329.58,0.39,0.36,2026-08-18,1847,N,VIIRS,n,2.0NRT,290.39,6.98,D
-37.7827,-72.33327,329.68,0.39,0.36,2026-08-18,1847,N,VIIRS,n,2.0NRT,290.18,4.9,D
-37.78205,-72.32878,340.83,0.39,0.36,2026-08-18,1847,N,VIIRS,n,2.0NRT,292.14,4.9,D
-37.49244,-72.4924,329.79,0.39,0.36,2026-08-18,1847,N,VIIRS,n,2.0NRT,290.55,3.51,D
-37.32058,-71.8883,339.78,0.39,0.36,2026-08-18,1847,N,VIIRS,n,2.0NRT,288.75,4.4,D
-36.33012,-72.83463,344.77,0.39,0.36,2026-08-18,1847,N,VIIRS,n,2.0NRT,292.96,5.78,D
-35.61264,-71.61994,330.09,0.38,0.36,2026-08-18,1847,N,VIIRS,n,2.0NRT,292.62,2.85,D
-35.61198,-71.61568,329.9,0.38,0.36,2026-08-18,1847,N,VIIRS,n,2.0NRT,293.42,2.85,D
-36.10112,-72.55149,295.0,0.4,0.37,2026-08-19,608,N,VIIRS,n,2.0NRT,279.23,0.52,N
-37.80748,-72.25957,330.35,0.42,0.38,2026-08-19,610,N,VIIRS,n,2.0NRT,277.71,2.56,N
-37.80684,-72.2644,296.18,0.42,0.38,2026-08-19,610,N,VIIRS,n,2.0NRT,276.05,1.28,N
-39.09383,-72.50058,340.41,0.39,0.44,2026-08-19,1828,N,VIIRS,n,2.0NRT,288.95,3.28,D
-39.09171,-72.49911,338.07,0.39,0.44,2026-08-19,1828,N,VIIRS,n,2.0NRT,287.48,3.7,D
-37.88346,-71.98666,347.2,0.54,0.42,2026-08-19,1830,N,VIIRS,n,2.0NRT,294.97,11.55,D
-37.88204,-72.08517,331.04,0.55,0.42,2026-08-19,1830,N,VIIRS,n,2.0NRT,290.92,5.34,D
-37.88171,-71.992,329.38,0.54,0.42,2026-08-19,1830,N,VIIRS,n,2.0NRT,290.81,6.57,D
-37.88104,-71.98556,337.7,0.54,0.42,2026-08-19,1830,N,VIIRS,n,2.0NRT,290.64,6.57,D
-37.8424,-72.4082,337.06,0.57,0.43,2026-08-19,1830,N,VIIRS,n,2.0NRT,307.44,91.25,D
-37.83837,-72.40894,339.05,0.57,0.43,2026-08-19,1830,N,VIIRS,n,2.0NRT,299.58,34.23,D
-37.83773,-72.40251,328.81,0.57,0.43,2026-08-19,1830,N,VIIRS,n,2.0NRT,289.17,16.22,D
-37.77267,-72.13693,342.26,0.55,0.43,2026-08-19,1830,N,VIIRS,n,2.0NRT,294.96,7.08,D
-37.76937,-72.14395,342.56,0.55,0.43,2026-08-19,1830,N,VIIRS,n,2.0NRT,295.58,12.96,D
-37.04779,-72.88546,331.54,0.39,0.44,2026-08-19,1830,N,VIIRS,n,2.0NRT,290.3,2.69,D
-36.82331,-71.80102,335.16,0.52,0.41,2026-08-19,1830,N,VIIRS,n,2.0NRT,294.79,12.07,D
-36.82265,-71.79505,344.05,0.52,0.41,2026-08-19,1830,N,VIIRS,n,2.0NRT,292.47,12.07,D
-36.81945,-71.80174,339.56,0.52,0.41,2026-08-19,1830,N,VIIRS,n,2.0NRT,294.77,12.07,D
-36.8188,-71.79577,346.43,0.52,0.41,2026-08-19,1830,N,VIIRS,n,2.0NRT,292.77,12.07,D
-36.22618,-71.73605,331.96,0.51,0.41,2026-08-19,1830,N,VIIRS,n,2.0NRT,295.55,7.83,D
-36.20499,-72.76931,329.58,0.56,0.43,2026-08-19,1830,N,VIIRS,n,2.0NRT,287.68,4.24,D
-36.00543,-72.6651,328.6,0.56,0.43,2026-08-19,1830,N,VIIRS,n,2.0NRT,289.43,5.5,D
-39.07829,-72.15066,327.32,0.77,0.78,2026-08-19,2008,N,VIIRS,n,2.0NRT,277.11,6.45,D
-39.07782,-72.14764,331.13,0.78,0.78,2026-08-19,2008,N,VIIRS,n,2.0NRT,276.67,5.26,D
-37.88105,-72.09068,310.39,0.4,0.37,2026-08-20,550,N,VIIRS,n,2.0NRT,275.83,1.23,N
-36.5773,-72.79967,329.5,0.34,0.56,2026-08-20,1811,N,VIIRS,n,2.0NRT,283.45,4.92,D
-36.57707,-72.79586,351.25,0.34,0.56,2026-08-20,1811,N,VIIRS,n,2.0NRT,284.73,6.76,D
-36.57335,-72.79996,353.2,0.34,0.56,2026-08-20,1811,N,VIIRS,n,2.0NRT,285.47,6.12,D
-36.57309,-72.79605,328.38,0.34,0.56,2026-08-20,1811,N,VIIRS,n,2.0NRT,283.05,6.27,D
-36.57201,-72.80031,338.1,0.34,0.56,2026-08-20,1811,N,VIIRS,n,2.0NRT,284.0,3.72,D
-35.84735,-72.46516,330.89,0.32,0.55,2026-08-20,1811,N,VIIRS,n,2.0NRT,289.44,4.57,D
-35.8419,-72.46142,367.0,0.32,0.55,2026-08-20,1811,N,VIIRS,h,2.0NRT,292.23,4.57,D
-35.72126,-72.37967,331.44,0.64,0.54,2026-08-20,1811,N,VIIRS,n,2.0NRT,288.02,3.06,D
-36.82527,-71.79874,331.83,0.56,0.69,2026-08-20,1949,N,VIIRS,n,2.0NRT,289.67,6.53,D
-36.81794,-71.79598,341.77,0.56,0.69,2026-08-20,1949,N,VIIRS,n,2.0NRT,288.58,9.68,D
-36.81722,-71.79513,332.37,0.56,0.69,2026-08-20,1949,N,VIIRS,n,2.0NRT,287.78,6.53,D
-36.57566,-72.80073,325.12,0.5,0.66,2026-08-20,1949,N,VIIRS,n,2.0NRT,287.06,5.39,D
-36.57397,-72.7949,349.94,0.51,0.66,2026-08-20,1949,N,VIIRS,n,2.0NRT,288.76,5.39,D
-36.44922,-71.9215,326.95,0.56,0.69,2026-08-20,1949,N,VIIRS,n,2.0NRT,288.03,4.97,D
-35.84644,-72.46027,331.02,0.55,0.68,2026-08-20,1951,N,VIIRS,n,2.0NRT,288.97,5.18,D
-37.8004,-72.29073,367.0,0.59,0.7,2026-08-21,1752,N,VIIRS,h,2.0NRT,293.06,14.9,D
-37.79709,-72.29158,367.0,0.59,0.7,2026-08-21,1752,N,VIIRS,h,2.0NRT,298.4,17.38,D
-37.79692,-72.28497,331.03,0.59,0.7,2026-08-21,1752,N,VIIRS,n,2.0NRT,286.55,17.38,D
-37.79372,-72.29116,367.0,0.59,0.7,2026-08-21,1752,N,VIIRS,h,2.0NRT,292.55,14.9,D
-37.71251,-72.73827,332.96,0.62,0.72,2026-08-21,1752,N,VIIRS,n,2.0NRT,288.68,5.28,D
-37.70574,-72.74114,334.48,0.62,0.72,2026-08-21,1752,N,VIIRS,n,2.0NRT,284.54,7.18,D
-37.70569,-72.73878,348.0,0.62,0.72,2026-08-21,1752,N,VIIRS,n,2.0NRT,285.42,5.28,D
-35.86676,-72.1996,331.11,0.57,0.69,2026-08-21,1752,N,VIIRS,n,2.0NRT,279.48,5.89,D
-35.86652,-72.19305,345.16,0.57,0.69,2026-08-21,1752,N,VIIRS,n,2.0NRT,280.97,5.89,D
-35.86438,-72.20156,325.37,0.57,0.69,2026-08-21,1752,N,VIIRS,n,2.0NRT,279.09,6.04,D
-35.86418,-72.19515,357.4,0.57,0.69,2026-08-21,1752,N,VIIRS,l,2.0NRT,281.03,17.35,D
-35.86019,-72.19987,328.77,0.57,0.69,2026-08-21,1752,N,VIIRS,n,2.0NRT,278.05,5.89,D
-39.50962,-73.01974,329.02,0.48,0.48,2026-08-21,1932,N,VIIRS,n,2.0NRT,284.5,2.87,D
-38.72419,-72.19134,332.61,0.55,0.51,2026-08-21,1932,N,VIIRS,n,2.0NRT,289.23,8.02,D
-38.71641,-72.20107,342.7,0.55,0.51,2026-08-21,1932,N,VIIRS,n,2.0NRT,290.13,5.3,D
-37.80101,-72.28996,339.29,0.57,0.52,2026-08-21,1932,N,VIIRS,n,2.0NRT,287.0,16.61,D
-37.79828,-72.28926,357.54,0.57,0.52,2026-08-21,1932,N,VIIRS,n,2.0NRT,291.99,13.62,D
-37.7963,-72.29182,346.78,0.57,0.52,2026-08-21,1932,N,VIIRS,n,2.0NRT,293.55,16.61,D
-37.79355,-72.29105,357.08,0.57,0.52,2026-08-21,1932,N,VIIRS,l,2.0NRT,289.48,13.62,D
-37.75333,-72.20025,330.02,0.58,0.52,2026-08-21,1932,N,VIIRS,n,2.0NRT,290.29,4.05,D
-37.74858,-72.20205,328.18,0.58,0.52,2026-08-21,1932,N,VIIRS,n,2.0NRT,289.6,3.57,D
-37.70589,-72.73286,331.49,0.55,0.51,2026-08-21,1932,N,VIIRS,n,2.0NRT,278.21,5.74,D
-36.22081,-71.82932,354.86,0.33,0.55,2026-08-21,1932,N,VIIRS,n,2.0NRT,289.94,5.15,D
-35.97815,-72.38459,350.11,0.63,0.54,2026-08-21,1932,N,VIIRS,n,2.0NRT,273.0,16.01,D
-35.86395,-72.19594,332.56,0.32,0.55,2026-08-21,1932,N,VIIRS,n,2.0NRT,268.49,3.05,D
-37.7991,-72.28772,298.54,0.34,0.56,2026-08-22,512,N,VIIRS,n,2.0NRT,271.24,0.81,N
-37.79815,-72.29141,297.43,0.34,0.56,2026-08-22,512,N,VIIRS,n,2.0NRT,270.87,0.81,N
-38.03355,-70.75996,334.12,0.39,0.44,2026-08-22,1915,N,VIIRS,n,2.0NRT,288.55,3.61,D
-36.86284,-72.14713,333.84,0.54,0.42,2026-08-22,1915,N,VIIRS,n,2.0NRT,295.21,2.64,D
-36.86007,-72.14988,329.7,0.54,0.42,2026-08-22,1915,N,VIIRS,n,2.0NRT,294.25,3.2,D
-36.85898,-72.14832,329.14,0.54,0.42,2026-08-22,1915,N,VIIRS,n,2.0NRT,293.21,2.64,D
-36.85886,-72.14389,329.69,0.54,0.42,2026-08-22,1915,N,VIIRS,n,2.0NRT,293.46,3.2,D
-36.80098,-72.28199,340.76,0.53,0.42,2026-08-22,1915,N,VIIRS,n,2.0NRT,295.71,5.05,D
-36.77448,-71.22713,325.23,0.4,0.44,2026-08-22,1915,N,VIIRS,l,2.0NRT,296.33,3.34,D
-36.77291,-71.23033,329.57,0.4,0.44,2026-08-22,1915,N,VIIRS,n,2.0NRT,296.58,1.76,D
-36.7495,-72.64758,336.6,0.51,0.41,2026-08-22,1915,N,VIIRS,n,2.0NRT,300.18,7.92,D
-36.74832,-72.64179,330.37,0.51,0.41,2026-08-22,1915,N,VIIRS,n,2.0NRT,295.44,5.75,D
-36.74798,-72.58036,348.23,0.51,0.41,2026-08-22,1915,N,VIIRS,n,2.0NRT,293.18,7.35,D
-36.74722,-72.64436,346.23,0.51,0.41,2026-08-22,1915,N,VIIRS,n,2.0NRT,300.33,18.97,D
-36.74571,-72.6487,327.69,0.51,0.41,2026-08-22,1915,N,VIIRS,l,2.0NRT,299.21,3.76,D
-36.74422,-72.58165,348.12,0.51,0.41,2026-08-22,1915,N,VIIRS,n,2.0NRT,294.89,7.35,D
-36.74046,-72.58292,341.31,0.51,0.41,2026-08-22,1915,N,VIIRS,n,2.0NRT,293.6,6.73,D
-36.73934,-72.57741,343.49,0.52,0.41,2026-08-22,1915,N,VIIRS,n,2.0NRT,295.05,6.73,D
-36.41261,-71.75188,330.6,0.57,0.43,2026-08-22,1915,N,VIIRS,n,2.0NRT,294.47,2.92,D
-36.3985,-71.66353,332.95,0.38,0.43,2026-08-22,1915,N,VIIRS,n,2.0NRT,299.47,11.64,D
-36.39761,-71.65923,338.01,0.38,0.43,2026-08-22,1915,N,VIIRS,n,2.0NRT,292.9,11.02,D
-35.89347,-72.23943,332.16,0.55,0.43,2026-08-22,1915,N,VIIRS,n,2.0NRT,293.82,7.48,D
-35.89249,-72.24187,344.19,0.55,0.43,2026-08-22,1915,N,VIIRS,n,2.0NRT,298.27,20.02,D
-35.8908,-72.24659,328.61,0.55,0.43,2026-08-22,1915,N,VIIRS,n,2.0NRT,295.0,7.48,D
-35.88955,-72.24059,330.89,0.55,0.43,2026-08-22,1915,N,VIIRS,n,2.0NRT,291.6,7.48,D
-37.67329,-72.19662,299.15,0.59,0.7,2026-08-23,453,N,VIIRS,n,2.0NRT,276.02,1.16,N
-37.67151,-72.19403,302.27,0.59,0.7,2026-08-23,453,N,VIIRS,n,2.0NRT,275.92,1.48,N
-37.66708,-72.19347,304.33,0.59,0.7,2026-08-23,453,N,VIIRS,n,2.0NRT,276.43,1.16,N
-37.66521,-72.19116,304.41,0.59,0.7,2026-08-23,453,N,VIIRS,n,2.0NRT,277.67,1.48,N
-37.66502,-72.20016,302.41,0.59,0.7,2026-08-23,453,N,VIIRS,n,2.0NRT,275.86,1.16,N
-37.66315,-72.19774,304.37,0.59,0.7,2026-08-23,453,N,VIIRS,n,2.0NRT,277.14,3.03,N
-37.6685,-72.19175,301.11,0.55,0.51,2026-08-23,633,N,VIIRS,n,2.0NRT,276.16,1.62,N
-37.66798,-72.19816,305.87,0.55,0.51,2026-08-23,633,N,VIIRS,n,2.0NRT,275.21,1.62,N
-39.32888,-72.4564,327.25,0.38,0.36,2026-08-23,1853,N,VIIRS,n,2.0NRT,294.24,1.83,D
-38.61372,-73.13546,326.01,0.39,0.36,2026-08-23,1853,N,VIIRS,n,2.0NRT,291.06,1.47,D
-38.53367,-72.39482,331.05,0.38,0.36,2026-08-23,1853,N,VIIRS,n,2.0NRT,290.91,1.9,D
-37.87116,-72.0715,340.98,0.39,0.36,2026-08-23,1853,N,VIIRS,n,2.0NRT,285.05,3.76,D
-37.66806,-72.20176,343.93,0.39,0.36,2026-08-23,1853,N,VIIRS,n,2.0NRT,270.42,14.29,D
-36.75163,-72.63879,336.5,0.38,0.36,2026-08-23,1853,N,VIIRS,n,2.0NRT,282.56,3.6,D
-35.52547,-71.72873,295.51,0.48,0.4,2026-08-24,614,N,VIIRS,n,2.0NRT,278.23,0.5,N
-37.67253,-72.20119,299.05,0.48,0.4,2026-08-24,616,N,VIIRS,n,2.0NRT,268.45,1.24,N
-37.6688,-72.20049,305.84,0.48,0.4,2026-08-24,616,N,VIIRS,n,2.0NRT,267.25,1.24,N
-36.41155,-71.68027,299.99,0.49,0.4,2026-08-24,616,N,VIIRS,n,2.0NRT,277.18,1.15,N
-36.40162,-71.66709,317.43,0.49,0.4,2026-08-24,616,N,VIIRS,n,2.0NRT,277.26,2.79,N
-36.39787,-71.66634,315.64,0.49,0.4,2026-08-24,616,N,VIIRS,n,2.0NRT,278.26,1.53,N
-35.96677,-72.33318,346.63,0.38,0.59,2026-08-26,1938,N,VIIRS,n,2.0NRT,283.65,4.94,D
-35.96568,-72.32899,342.22,0.38,0.59,2026-08-26,1938,N,VIIRS,n,2.0NRT,284.18,4.94,D
-36.07755,-71.5892,337.36,0.36,0.57,2026-08-31,1804,N,VIIRS,n,2.0NRT,292.34,3.34,D
-35.62397,-71.55464,330.05,0.35,0.57,2026-08-31,1804,N,VIIRS,n,2.0NRT,292.18,2.0,D
-38.13567,-70.7374,335.72,0.38,0.36,2026-09-03,1847,N,VIIRS,n,2.0NRT,291.86,4.78,D
-38.13459,-70.73591,330.13,0.38,0.36,2026-09-03,1847,N,VIIRS,n,2.0NRT,290.25,3.71,D
-35.68125,-71.60081,330.09,0.38,0.36,2026-09-03,1849,N,VIIRS,n,2.0NRT,293.1,1.16,D
-38.14585,-70.7497,328.36,0.48,0.4,2026-09-04,1830,N,VIIRS,n,2.0NRT,291.34,2.61,D
-38.14573,-70.74541,333.37,0.48,0.4,2026-09-04,1830,N,VIIRS,n,2.0NRT,293.15,6.6,D
-38.14523,-70.74419,337.49,0.48,0.4,2026-09-04,1830,N,VIIRS,n,2.0NRT,293.33,37.59,D
-38.14461,-70.7387,367.0,0.48,0.4,2026-09-04,1830,N,VIIRS,h,2.0NRT,333.85,37.59,D
-38.14444,-70.73441,333.96,0.48,0.4,2026-09-04,1830,N,VIIRS,l,2.0NRT,306.27,47.93,D
-38.14399,-70.73319,330.36,0.48,0.4,2026-09-04,1830,N,VIIRS,n,2.0NRT,290.18,40.25,D
-38.14134,-70.74059,333.09,0.48,0.4,2026-09-04,1830,N,VIIRS,n,2.0NRT,289.77,47.93,D
-38.14087,-70.73938,341.31,0.48,0.4,2026-09-04,1830,N,VIIRS,n,2.0NRT,290.69,37.59,D
-38.14069,-70.73511,334.18,0.48,0.4,2026-09-04,1830,N,VIIRS,n,2.0NRT,289.16,47.93,D
-35.86567,-71.66719,331.58,0.5,0.41,2026-09-04,1830,N,VIIRS,n,2.0NRT,293.45,3.48,D
-35.8712,-72.4712,296.47,0.42,0.38,2026-09-05,550,N,VIIRS,n,2.0NRT,278.11,0.75,N
-38.66199,-72.02322,357.16,0.33,0.55,2026-09-05,1811,N,VIIRS,l,2.0NRT,289.32,3.49,D
-38.66174,-72.01925,331.83,0.33,0.55,2026-09-05,1811,N,VIIRS,n,2.0NRT,286.22,3.49,D
-37.58477,-72.15292,354.08,0.32,0.55,2026-09-05,1811,N,VIIRS,n,2.0NRT,291.66,3.95,D
-37.57959,-72.15339,343.62,0.32,0.55,2026-09-05,1811,N,VIIRS,n,2.0NRT,290.41,3.95,D
-37.57451,-72.49122,327.53,0.34,0.56,2026-09-05,1811,N,VIIRS,n,2.0NRT,290.36,1.57,D
-37.47814,-72.54788,325.12,0.34,0.56,2026-09-05,1811,N,VIIRS,n,2.0NRT,292.19,2.72,D
-36.48273,-71.76891,327.0,0.6,0.53,2026-09-05,1811,N,VIIRS,n,2.0NRT,290.98,3.76,D
-38.45173,-72.2744,367.0,0.47,0.64,2026-09-05,1949,N,VIIRS,h,2.0NRT,291.46,14.84,D
-38.21279,-72.06628,367.0,0.49,0.65,2026-09-05,1949,N,VIIRS,h,2.0NRT,293.34,16.94,D
-39.04164,-73.29514,332.98,0.68,0.74,2026-09-06,1752,N,VIIRS,n,2.0NRT,290.46,4.95,D
-39.03749,-73.29031,337.51,0.68,0.74,2026-09-06,1752,N,VIIRS,n,2.0NRT,290.31,7.26,D
-37.56569,-72.27775,367.0,0.59,0.7,2026-09-06,1752,N,VIIRS,h,2.0NRT,295.14,10.8,D
-37.56252,-72.27852,367.0,0.59,0.7,2026-09-06,1752,N,VIIRS,h,2.0NRT,295.99,13.9,D
-37.55901,-72.27821,328.87,0.59,0.7,2026-09-06,1752,N,VIIRS,n,2.0NRT,291.52,3.72,D
-35.68461,-71.58899,333.0,0.53,0.67,2026-09-06,1752,N,VIIRS,n,2.0NRT,296.3,3.61,D
-35.67982,-71.5873,345.54,0.53,0.67,2026-09-06,1752,N,VIIRS,n,2.0NRT,296.56,6.66,D
-35.67822,-71.58924,336.66,0.53,0.67,2026-09-06,1752,N,VIIRS,n,2.0NRT,294.25,3.9,D
-36.89346,-72.77279,339.57,0.57,0.52,2026-09-06,1932,N,VIIRS,n,2.0NRT,292.91,5.03,D
-36.89128,-72.77616,341.82,0.57,0.52,2026-09-06,1932,N,VIIRS,n,2.0NRT,294.1,11.38,D
-36.88872,-72.77435,334.97,0.57,0.52,2026-09-06,1932,N,VIIRS,n,2.0NRT,291.63,5.34,D
-36.40748,-71.87248,337.75,0.32,0.55,2026-09-06,1932,N,VIIRS,n,2.0NRT,295.98,2.31,D
-36.17063,-71.87714,325.14,0.33,0.55,2026-09-06,1932,N,VIIRS,n,2.0NRT,293.89,1.38,D
-35.79498,-71.70757,345.29,0.34,0.56,2026-09-06,1932,N,VIIRS,n,2.0NRT,294.55,2.27,D
-36.77003,-73.13805,323.29,0.41,0.6,2026-09-07,514,N,VIIRS,n,2.0NRT,276.36,1.95,N
-36.77564,-73.13808,315.52,0.43,0.62,2026-09-07,654,N,VIIRS,n,2.0NRT,275.96,1.43,N
-36.7747,-73.13639,335.11,0.43,0.62,2026-09-07,654,N,VIIRS,n,2.0NRT,277.09,2.42,N
-36.7698,-73.1376,315.47,0.43,0.62,2026-09-07,654,N,VIIRS,n,2.0NRT,276.86,1.12,N
-39.05982,-72.70591,327.51,0.47,0.39,2026-09-07,1915,N,VIIRS,n,2.0NRT,291.72,4.69,D
-39.03864,-72.73534,326.69,0.47,0.39,2026-09-07,1915,N,VIIRS,n,2.0NRT,292.31,2.27,D
-39.02487,-72.40511,344.03,0.48,0.4,2026-09-07,1915,N,VIIRS,n,2.0NRT,295.88,9.87,D
-38.9327,-72.67349,328.5,0.47,0.4,2026-09-07,1915,N,VIIRS,n,2.0NRT,291.86,2.11,D
-38.86462,-72.46337,329.59,0.48,0.4,2026-09-07,1915,N,VIIRS,n,2.0NRT,294.74,4.35,D
-38.85978,-71.63192,326.92,0.52,0.41,2026-09-07,1915,N,VIIRS,n,2.0NRT,292.3,3.95,D
-38.69699,-72.21187,342.28,0.49,0.4,2026-09-07,1915,N,VIIRS,n,2.0NRT,296.5,5.18,D
-38.5091,-72.68953,337.5,0.48,0.4,2026-09-07,1915,N,VIIRS,n,2.0NRT,297.2,13.47,D
-38.44223,-72.2876,328.34,0.49,0.41,2026-09-07,1915,N,VIIRS,n,2.0NRT,293.7,2.4,D
-38.02866,-72.18404,340.36,0.51,0.41,2026-09-07,1915,N,VIIRS,n,2.0NRT,304.81,55.92,D
-37.4747,-72.26453,328.64,0.51,0.41,2026-09-07,1915,N,VIIRS,n,2.0NRT,295.49,3.24,D
-36.93489,-72.08487,351.57,0.53,0.42,2026-09-07,1915,N,VIIRS,n,2.0NRT,300.7,8.51,D
-35.81746,-71.80862,326.8,0.38,0.44,2026-09-07,1915,N,VIIRS,n,2.0NRT,295.35,1.56,D
-35.70569,-71.67436,329.03,0.39,0.44,2026-09-07,1915,N,VIIRS,n,2.0NRT,294.86,1.96,D
-35.66084,-71.62388,334.14,0.39,0.44,2026-09-07,1915,N,VIIRS,n,2.0NRT,298.35,3.04,D
-39.16185,-72.13971,327.62,0.38,0.36,2026-09-08,1853,N,VIIRS,n,2.0NRT,289.49,2.51,D
-39.16114,-72.13525,332.6,0.38,0.36,2026-09-08,1853,N,VIIRS,n,2.0NRT,289.77,2.51,D
-38.70033,-72.36176,332.56,0.38,0.36,2026-09-08,1853,N,VIIRS,n,2.0NRT,289.66,2.11,D
-38.68673,-72.29594,345.58,0.38,0.36,2026-09-08,1853,N,VIIRS,n,2.0NRT,292.52,4.57,D
-38.6834,-72.29678,332.24,0.38,0.36,2026-09-08,1853,N,VIIRS,n,2.0NRT,290.19,2.85,D
-38.66577,-73.22734,329.63,0.39,0.36,2026-09-08,1853,N,VIIRS,n,2.0NRT,288.59,3.47,D
-38.58617,-70.73875,331.13,0.4,0.37,2026-09-08,1853,N,VIIRS,n,2.0NRT,295.24,2.99,D
-38.02605,-72.18195,328.61,0.38,0.36,2026-09-08,1853,N,VIIRS,n,2.0NRT,294.27,2.11,D
-38.02272,-72.18278,345.76,0.38,0.36,2026-09-08,1853,N,VIIRS,n,2.0NRT,297.02,14.77,D
-38.01938,-72.18362,340.55,0.38,0.36,2026-09-08,1853,N,VIIRS,n,2.0NRT,289.71,14.77,D
-37.88207,-72.0432,346.75,0.39,0.36,2026-09-08,1853,N,VIIRS,n,2.0NRT,300.48,10.13,D
-37.88137,-72.0388,327.19,0.39,0.36,2026-09-08,1853,N,VIIRS,n,2.0NRT,286.91,10.13,D
-37.87873,-72.04403,344.76,0.39,0.36,2026-09-08,1853,N,VIIRS,n,2.0NRT,292.2,47.76,D
-37.8747,-72.04047,345.92,0.39,0.36,2026-09-08,1853,N,VIIRS,n,2.0NRT,299.26,47.76,D
-37.87206,-72.04571,330.95,0.39,0.36,2026-09-08,1853,N,VIIRS,n,2.0NRT,291.44,5.15,D
-37.80336,-72.52604,327.25,0.38,0.36,2026-09-08,1853,N,VIIRS,n,2.0NRT,287.78,2.41,D
-37.68019,-72.45422,326.75,0.38,0.36,2026-09-08,1853,N,VIIRS,n,2.0NRT,288.98,1.72,D
-37.66105,-72.19935,333.59,0.39,0.36,2026-09-08,1853,N,VIIRS,n,2.0NRT,297.01,3.37,D
-37.66035,-72.19495,326.3,0.39,0.36,2026-09-08,1853,N,VIIRS,n,2.0NRT,295.89,3.7,D
-36.94961,-72.07862,327.59,0.39,0.36,2026-09-08,1856,N,VIIRS,n,2.0NRT,294.46,1.84,D
-36.83484,-73.06037,325.77,0.38,0.36,2026-09-08,1856,N,VIIRS,n,2.0NRT,293.1,1.82,D
-36.82006,-71.24889,332.49,0.4,0.37,2026-09-08,1856,N,VIIRS,n,2.0NRT,291.92,2.79,D
-36.69908,-72.81279,328.07,0.38,0.36,2026-09-08,1856,N,VIIRS,n,2.0NRT,290.79,3.77,D
-36.69841,-72.80846,330.73,0.38,0.36,2026-09-08,1856,N,VIIRS,n,2.0NRT,293.42,7.42,D
-36.68773,-72.80653,349.37,0.38,0.36,2026-09-08,1856,N,VIIRS,n,2.0NRT,294.06,6.35,D
-36.68706,-72.8022,348.17,0.38,0.36,2026-09-08,1856,N,VIIRS,n,2.0NRT,303.5,31.55,D
-36.68695,-72.81026,328.93,0.38,0.36,2026-09-08,1856,N,VIIRS,n,2.0NRT,291.78,6.0,D
-36.68628,-72.80595,334.08,0.38,0.36,2026-09-08,1856,N,VIIRS,n,2.0NRT,292.12,6.0,D
-36.68561,-72.80162,347.94,0.38,0.36,2026-09-08,1856,N,VIIRS,n,2.0NRT,303.46,35.4,D
-36.68295,-72.80674,329.75,0.38,0.36,2026-09-08,1856,N,VIIRS,n,2.0NRT,291.87,6.0,D
-36.56435,-71.77512,328.66,0.39,0.36,2026-09-08,1856,N,VIIRS,n,2.0NRT,294.13,1.18,D
-36.46973,-71.73399,326.76,0.39,0.36,2026-09-08,1856,N,VIIRS,n,2.0NRT,294.18,1.56,D
-36.37324,-72.06209,338.65,0.39,0.36,2026-09-08,1856,N,VIIRS,n,2.0NRT,294.05,2.74,D
-35.91212,-71.70812,328.62,0.4,0.37,2026-09-08,1856,N,VIIRS,n,2.0NRT,291.7,1.45,D
-35.74164,-71.69367,335.12,0.4,0.37,2026-09-08,1856,N,VIIRS,n,2.0NRT,290.98,2.38,D
-35.65504,-71.70168,332.71,0.4,0.37,2026-09-08,1856,N,VIIRS,n,2.0NRT,295.17,2.88,D
-35.59314,-71.54069,327.84,0.4,0.37,2026-09-08,1856,N,VIIRS,n,2.0NRT,292.99,1.69,D
-38.29282,-73.41483,299.64,0.44,0.38,2026-09-09,616,N,VIIRS,n,2.0NRT,274.36,0.66,N
-38.70375,-72.27157,332.99,0.49,0.4,2026-09-09,1836,N,VIIRS,n,2.0NRT,290.81,3.04,D
-38.56858,-70.77995,329.98,0.43,0.38,2026-09-09,1836,N,VIIRS,n,2.0NRT,291.38,5.96,D
-38.21881,-72.20573,334.24,0.48,0.4,2026-09-09,1836,N,VIIRS,n,2.0NRT,295.14,4.21,D
-38.21837,-72.20228,351.1,0.48,0.4,2026-09-09,1836,N,VIIRS,n,2.0NRT,297.79,8.13,D
-38.21818,-72.20013,339.26,0.48,0.4,2026-09-09,1836,N,VIIRS,n,2.0NRT,296.12,9.99,D
-38.21529,-72.20854,327.03,0.48,0.4,2026-09-09,1836,N,VIIRS,n,2.0NRT,296.22,8.13,D
-38.21507,-72.20641,331.19,0.48,0.4,2026-09-09,1836,N,VIIRS,n,2.0NRT,297.33,4.21,D
-38.10953,-71.36631,335.24,0.45,0.39,2026-09-09,1836,N,VIIRS,n,2.0NRT,293.35,8.17,D
-37.94561,-72.31927,331.96,0.48,0.4,2026-09-09,1836,N,VIIRS,n,2.0NRT,292.4,4.13,D
-37.92693,-72.32291,329.43,0.48,0.4,2026-09-09,1836,N,VIIRS,n,2.0NRT,295.37,3.11,D
-37.9263,-72.31741,327.16,0.48,0.4,2026-09-09,1836,N,VIIRS,n,2.0NRT,289.21,3.11,D
-37.87175,-72.05315,334.43,0.47,0.4,2026-09-09,1836,N,VIIRS,n,2.0NRT,292.31,5.26,D
-37.50742,-72.46101,330.47,0.48,0.4,2026-09-09,1836,N,VIIRS,n,2.0NRT,292.72,3.39,D
-37.50733,-72.45903,330.6,0.48,0.4,2026-09-09,1836,N,VIIRS,n,2.0NRT,292.01,4.17,D
-36.95053,-71.80132,344.85,0.45,0.39,2026-09-09,1836,N,VIIRS,n,2.0NRT,291.89,8.39,D
-36.94691,-71.80204,334.31,0.45,0.39,2026-09-09,1836,N,VIIRS,n,2.0NRT,277.14,5.05,D
-35.78562,-71.62565,329.04,0.48,0.48,2026-09-10,1817,N,VIIRS,n,2.0NRT,288.6,2.76,D
-35.70663,-71.67676,328.85,0.48,0.48,2026-09-10,1817,N,VIIRS,n,2.0NRT,291.91,2.12,D
-35.57872,-71.81375,298.11,0.61,0.71,2026-09-12,701,N,VIIRS,n,2.0NRT,276.32,1.58,N
-38.50558,-72.59496,346.48,0.56,0.43,2026-09-12,1919,N,VIIRS,n,2.0NRT,287.09,17.79,D
-38.46394,-72.82584,325.6,0.55,0.42,2026-09-12,1919,N,VIIRS,n,2.0NRT,289.78,2.61,D
-37.50479,-73.41,330.42,0.53,0.42,2026-09-12,1919,N,VIIRS,n,2.0NRT,287.64,6.92,D
-36.5808,-72.72041,348.86,0.4,0.44,2026-09-12,1919,N,VIIRS,n,2.0NRT,294.8,5.57,D
-36.57911,-72.72027,342.44,0.4,0.44,2026-09-12,1919,N,VIIRS,n,2.0NRT,302.72,39.74,D
-36.57674,-72.72165,354.78,0.4,0.44,2026-09-12,1919,N,VIIRS,n,2.0NRT,300.41,30.77,D
-36.46125,-72.13282,328.51,0.43,0.46,2026-09-12,1919,N,VIIRS,n,2.0NRT,294.29,2.09,D
-35.88751,-71.94795,339.24,0.45,0.47,2026-09-12,1919,N,VIIRS,n,2.0NRT,295.95,2.65,D
-38.54162,-73.50152,311.76,0.57,0.52,2026-09-13,642,N,VIIRS,n,2.0NRT,281.59,1.88,N
-38.53986,-73.5005,313.34,0.57,0.52,2026-09-13,642,N,VIIRS,n,2.0NRT,281.9,2.24,N
-38.56004,-72.85548,328.23,0.39,0.36,2026-09-13,1902,N,VIIRS,n,2.0NRT,287.75,1.86,D
-36.03543,-72.7317,330.65,0.4,0.37,2026-09-13,1902,N,VIIRS,n,2.0NRT,288.74,2.8,D
-35.52441,-71.73087,316.05,0.56,0.43,2026-09-14,622,N,VIIRS,n,2.0NRT,277.94,2.13,N
-35.52339,-71.73048,316.03,0.56,0.43,2026-09-14,622,N,VIIRS,n,2.0NRT,278.17,2.29,N
-38.75614,-73.13944,326.61,0.46,0.39,2026-09-14,1841,N,VIIRS,n,2.0NRT,292.59,2.53,D
-38.51837,-73.13125,348.17,0.46,0.39,2026-09-14,1841,N,VIIRS,n,2.0NRT,297.99,6.68,D
-38.51471,-73.13185,334.15,0.46,0.39,2026-09-14,1841,N,VIIRS,n,2.0NRT,293.56,6.68,D
-38.51042,-73.1272,351.9,0.46,0.39,2026-09-14,1841,N,VIIRS,n,2.0NRT,299.12,11.55,D
-38.50677,-73.12789,344.44,0.46,0.39,2026-09-14,1841,N,VIIRS,n,2.0NRT,295.34,11.55,D
-38.42739,-72.1791,336.07,0.43,0.38,2026-09-14,1841,N,VIIRS,n,2.0NRT,292.71,4.33,D
-38.42532,-72.18627,348.93,0.43,0.38,2026-09-14,1841,N,VIIRS,n,2.0NRT,297.94,5.83,D
-38.42468,-72.18134,349.85,0.43,0.38,2026-09-14,1841,N,VIIRS,n,2.0NRT,294.79,8.73,D
-38.42448,-72.18468,352.4,0.43,0.38,2026-09-14,1841,N,VIIRS,n,2.0NRT,297.56,4.33,D
-38.42387,-72.17975,336.23,0.43,0.38,2026-09-14,1841,N,VIIRS,n,2.0NRT,293.1,4.33,D
-38.4218,-72.18695,333.05,0.43,0.38,2026-09-14,1841,N,VIIRS,n,2.0NRT,297.82,6.57,D
-38.42116,-72.18201,330.23,0.43,0.38,2026-09-14,1841,N,VIIRS,n,2.0NRT,295.24,4.25,D
-38.41764,-72.18272,330.16,0.43,0.38,2026-09-14,1841,N,VIIRS,n,2.0NRT,291.95,4.25,D
-38.10266,-72.43417,339.46,0.43,0.38,2026-09-14,1841,N,VIIRS,n,2.0NRT,293.91,4.84,D
-38.05511,-71.21655,347.2,0.4,0.37,2026-09-14,1841,N,VIIRS,n,2.0NRT,309.34,21.56,D
-38.05447,-71.21193,350.84,0.4,0.37,2026-09-14,1841,N,VIIRS,n,2.0NRT,317.22,21.56,D
-38.05236,-71.22209,333.26,0.4,0.37,2026-09-14,1841,N,VIIRS,n,2.0NRT,302.0,7.27,D
-38.05172,-71.21743,354.22,0.4,0.37,2026-09-14,1841,N,VIIRS,n,2.0NRT,312.24,21.56,D
-38.05107,-71.21275,335.56,0.4,0.37,2026-09-14,1841,N,VIIRS,n,2.0NRT,296.9,21.56,D
-38.04897,-71.22294,332.35,0.4,0.37,2026-09-14,1841,N,VIIRS,n,2.0NRT,296.49,2.53,D
-37.93037,-72.3243,328.03,0.43,0.38,2026-09-14,1841,N,VIIRS,n,2.0NRT,298.81,9.94,D
-37.92975,-72.31944,334.92,0.43,0.38,2026-09-14,1841,N,VIIRS,n,2.0NRT,302.78,9.94,D
-37.82663,-71.55949,331.35,0.41,0.37,2026-09-14,1841,N,VIIRS,n,2.0NRT,300.09,6.91,D
-37.78556,-73.30221,345.41,0.46,0.39,2026-09-14,1841,N,VIIRS,n,2.0NRT,295.28,8.67,D
-37.75108,-72.07336,350.14,0.42,0.37,2026-09-14,1841,N,VIIRS,n,2.0NRT,315.24,37.18,D
-37.75044,-72.06857,342.64,0.42,0.37,2026-09-14,1841,N,VIIRS,n,2.0NRT,299.46,9.84,D
-37.7476,-72.07414,349.95,0.42,0.37,2026-09-14,1841,N,VIIRS,n,2.0NRT,303.53,9.35,D
-37.72675,-73.54915,335.8,0.47,0.39,2026-09-14,1841,N,VIIRS,n,2.0NRT,293.6,12.02,D
-37.72106,-72.28313,327.01,0.42,0.38,2026-09-14,1841,N,VIIRS,n,2.0NRT,297.81,2.51,D
-37.71756,-72.28384,331.77,0.42,0.38,2026-09-14,1841,N,VIIRS,n,2.0NRT,297.86,5.27,D
-36.8679,-72.1716,329.57,0.41,0.37,2026-09-14,1841,N,VIIRS,n,2.0NRT,296.07,1.2,D
-36.46668,-71.90233,326.79,0.41,0.37,2026-09-14,1841,N,VIIRS,l,2.0NRT,298.22,2.44,D
-36.18595,-71.75078,327.83,0.4,0.37,2026-09-14,1841,N,VIIRS,n,2.0NRT,296.18,2.35,D
-36.15023,-71.67043,326.88,0.4,0.37,2026-09-14,1841,N,VIIRS,n,2.0NRT,297.26,1.45,D
-36.09813,-71.8422,347.45,0.4,0.37,2026-09-14,1841,N,VIIRS,n,2.0NRT,302.59,6.02,D
-35.75977,-72.35481,334.04,0.41,0.37,2026-09-14,1841,N,VIIRS,n,2.0NRT,307.01,35.24,D
-35.7593,-72.35812,293.86,0.41,0.37,2026-09-14,1841,N,VIIRS,l,2.0NRT,297.65,18.76,D
-35.75868,-72.35355,332.15,0.41,0.37,2026-09-14,1841,N,VIIRS,n,2.0NRT,301.76,28.66,D
-35.57319,-71.72116,332.49,0.4,0.37,2026-09-14,1841,N,VIIRS,n,2.0NRT,302.76,2.56,D
-35.53393,-71.29542,332.34,0.39,0.36,2026-09-14,1841,N,VIIRS,n,2.0NRT,301.42,15.09,D
-35.50196,-71.73399,326.37,0.4,0.37,2026-09-14,1841,N,VIIRS,n,2.0NRT,299.05,0.94,D
-36.68514,-72.81062,298.47,0.38,0.36,2026-09-15,601,N,VIIRS,n,2.0NRT,279.03,0.65,N
-36.68433,-72.80782,299.55,0.38,0.36,2026-09-15,601,N,VIIRS,n,2.0NRT,278.36,0.53,N
-36.2025,-72.31355,309.38,0.39,0.36,2026-09-15,601,N,VIIRS,n,2.0NRT,278.74,1.45,N
-36.20115,-72.29977,301.9,0.39,0.36,2026-09-15,601,N,VIIRS,n,2.0NRT,279.68,1.01,N
-36.19982,-72.30845,310.9,0.39,0.36,2026-09-15,601,N,VIIRS,n,2.0NRT,280.56,1.29,N
-36.19915,-72.31278,318.65,0.39,0.36,2026-09-15,601,N,VIIRS,n,2.0NRT,281.65,1.29,N
-38.70185,-72.19383,345.1,0.46,0.47,2026-09-15,1821,N,VIIRS,n,2.0NRT,298.88,7.31,D
-38.70137,-72.18844,341.9,0.46,0.47,2026-09-15,1821,N,VIIRS,n,2.0NRT,295.98,7.31,D
-38.42815,-72.33198,325.98,0.46,0.47,2026-09-15,1824,N,VIIRS,n,2.0NRT,297.62,2.1,D
-38.27944,-72.72834,332.28,0.48,0.48,2026-09-15,1824,N,VIIRS,n,2.0NRT,294.43,4.12,D
-38.02529,-72.18297,329.01,0.45,0.47,2026-09-15,1824,N,VIIRS,l,2.0NRT,300.89,2.87,D
-37.74651,-72.07903,342.67,0.44,0.46,2026-09-15,1824,N,VIIRS,n,2.0NRT,303.05,21.26,D
-37.70715,-72.3269,335.71,0.45,0.47,2026-09-15,1824,N,VIIRS,n,2.0NRT,300.66,4.05,D
-37.70369,-72.33813,350.77,0.45,0.47,2026-09-15,1824,N,VIIRS,n,2.0NRT,304.5,8.27,D
-37.70322,-72.33285,341.71,0.45,0.47,2026-09-15,1824,N,VIIRS,n,2.0NRT,303.44,8.27,D
-37.70276,-72.32757,367.0,0.45,0.47,2026-09-15,1824,N,VIIRS,h,2.0NRT,303.39,17.24,D
-37.54897,-72.58095,333.11,0.46,0.47,2026-09-15,1824,N,VIIRS,n,2.0NRT,301.17,3.82,D
-37.35165,-71.86919,338.48,0.42,0.46,2026-09-15,1824,N,VIIRS,n,2.0NRT,308.37,5.29,D
-37.13535,-71.96567,343.59,0.43,0.46,2026-09-15,1824,N,VIIRS,n,2.0NRT,298.53,4.58,D
-36.72507,-72.84204,339.86,0.47,0.48,2026-09-15,1824,N,VIIRS,n,2.0NRT,298.68,14.69,D
-36.71758,-72.85962,327.14,0.47,0.48,2026-09-15,1824,N,VIIRS,n,2.0NRT,296.39,2.42,D
-36.56074,-71.29262,326.83,0.39,0.44,2026-09-15,1824,N,VIIRS,n,2.0NRT,292.06,3.06,D
-36.55719,-71.29862,325.21,0.39,0.44,2026-09-15,1824,N,VIIRS,n,2.0NRT,290.62,3.06,D
-36.55672,-71.29402,339.21,0.39,0.44,2026-09-15,1824,N,VIIRS,n,2.0NRT,289.28,3.06,D
-36.46401,-71.90238,326.72,0.42,0.45,2026-09-15,1824,N,VIIRS,n,2.0NRT,292.17,2.01,D
-36.45179,-71.86558,331.5,0.41,0.45,2026-09-15,1824,N,VIIRS,n,2.0NRT,288.64,2.18,D
-36.3317,-72.82979,330.41,0.46,0.47,2026-09-15,1824,N,VIIRS,n,2.0NRT,294.71,4.37,D
-36.3273,-72.83084,336.5,0.46,0.47,2026-09-15,1824,N,VIIRS,n,2.0NRT,289.83,4.37,D
-37.74848,-72.08266,327.29,0.72,0.75,2026-09-15,2004,N,VIIRS,n,2.0NRT,285.96,11.63,D
-37.74575,-72.07441,357.12,0.72,0.75,2026-09-15,2004,N,VIIRS,l,2.0NRT,288.23,21.04,D
-37.74364,-72.07786,367.0,0.72,0.75,2026-09-15,2004,N,VIIRS,h,2.0NRT,290.23,19.53,D
-37.71303,-72.33346,332.46,0.7,0.75,2026-09-15,2004,N,VIIRS,n,2.0NRT,283.05,8.19,D
-37.71059,-72.33389,349.95,0.7,0.75,2026-09-15,2004,N,VIIRS,n,2.0NRT,284.52,8.81,D
-37.70804,-72.32612,328.6,0.7,0.75,2026-09-15,2004,N,VIIRS,n,2.0NRT,282.28,9.7,D
-37.70633,-72.33664,357.23,0.7,0.75,2026-09-15,2004,N,VIIRS,n,2.0NRT,288.27,8.19,D
-37.70389,-72.33707,344.38,0.7,0.75,2026-09-15,2004,N,VIIRS,n,2.0NRT,288.42,9.03,D
-37.7038,-72.3288,329.37,0.7,0.75,2026-09-15,2004,N,VIIRS,n,2.0NRT,283.87,8.19,D
-36.08906,-72.06839,295.86,0.46,0.39,2026-09-16,544,N,VIIRS,n,2.0NRT,280.44,0.35,N
-38.87974,-72.26603,340.77,0.41,0.61,2026-09-16,1804,N,VIIRS,n,2.0NRT,289.55,3.74,D
-38.0486,-72.31602,367.0,0.41,0.61,2026-09-16,1804,N,VIIRS,h,2.0NRT,297.6,14.85,D
-38.04836,-72.31094,367.0,0.41,0.61,2026-09-16,1804,N,VIIRS,h,2.0NRT,295.87,12.67,D
-38.04811,-72.30595,341.45,0.41,0.61,2026-09-16,1804,N,VIIRS,n,2.0NRT,291.74,12.67,D
-38.02512,-72.186,355.21,0.4,0.6,2026-09-16,1804,N,VIIRS,n,2.0NRT,295.46,8.67,D
-37.74745,-72.56091,337.93,0.42,0.61,2026-09-16,1804,N,VIIRS,n,2.0NRT,297.5,2.71,D
-37.74166,-72.56129,328.77,0.42,0.61,2026-09-16,1804,N,VIIRS,n,2.0NRT,298.35,3.17,D
-37.70116,-72.19723,328.0,0.4,0.6,2026-09-16,1804,N,VIIRS,n,2.0NRT,297.02,2.96,D
-37.70093,-72.19245,348.08,0.4,0.6,2026-09-16,1804,N,VIIRS,n,2.0NRT,299.35,2.96,D
-36.20372,-72.29969,336.64,0.39,0.6,2026-09-16,1804,N,VIIRS,n,2.0NRT,294.87,4.43,D
-36.20346,-72.29527,337.38,0.39,0.6,2026-09-16,1804,N,VIIRS,n,2.0NRT,295.37,6.2,D
-36.11439,-71.62855,333.93,0.36,0.57,2026-09-16,1804,N,VIIRS,n,2.0NRT,296.35,3.83,D
-35.96581,-71.5605,355.55,0.36,0.57,2026-09-16,1804,N,VIIRS,n,2.0NRT,299.3,5.83,D
-35.67622,-71.66959,354.7,0.36,0.57,2026-09-16,1804,N,VIIRS,n,2.0NRT,301.78,4.89,D
-35.67466,-71.67135,338.17,0.36,0.57,2026-09-16,1804,N,VIIRS,n,2.0NRT,299.61,3.5,D
-35.67438,-71.6672,345.37,0.36,0.57,2026-09-16,1804,N,VIIRS,n,2.0NRT,300.15,3.5,D
-38.88105,-72.26223,352.13,0.39,0.59,2026-09-16,1945,N,VIIRS,n,2.0NRT,289.51,4.89,D
-38.8804,-72.26296,353.56,0.39,0.59,2026-09-16,1945,N,VIIRS,n,2.0NRT,290.43,4.65,D
-38.05126,-72.30872,325.7,0.4,0.6,2026-09-16,1945,N,VIIRS,n,2.0NRT,295.59,3.22,D
-37.70174,-72.19234,327.74,0.42,0.61,2026-09-16,1945,N,VIIRS,n,2.0NRT,296.56,3.46,D
-37.58802,-73.57491,333.1,0.36,0.57,2026-09-16,1945,N,VIIRS,n,2.0NRT,292.33,3.17,D
-37.44974,-72.62589,344.05,0.4,0.6,2026-09-16,1945,N,VIIRS,n,2.0NRT,292.43,3.1,D
-37.10958,-72.04743,344.0,0.44,0.62,2026-09-16,1947,N,VIIRS,n,2.0NRT,295.37,7.85,D
-37.10824,-72.04259,367.0,0.44,0.62,2026-09-16,1947,N,VIIRS,h,2.0NRT,295.54,7.85,D
-37.08204,-72.26257,337.17,0.43,0.62,2026-09-16,1947,N,VIIRS,n,2.0NRT,297.0,3.48,D
-36.20692,-72.29949,367.0,0.45,0.63,2026-09-16,1947,N,VIIRS,h,2.0NRT,296.88,12.36,D
-36.20535,-72.30235,326.35,0.45,0.63,2026-09-16,1947,N,VIIRS,n,2.0NRT,294.44,21.51,D
-36.20395,-72.29739,353.18,0.45,0.63,2026-09-16,1947,N,VIIRS,n,2.0NRT,296.53,21.51,D
-36.20298,-72.3082,367.0,0.45,0.63,2026-09-16,1947,N,VIIRS,h,2.0NRT,300.88,21.36,D
-36.20157,-72.30309,333.44,0.45,0.63,2026-09-16,1947,N,VIIRS,n,2.0NRT,294.39,12.36,D
-36.20155,-72.31133,346.04,0.45,0.63,2026-09-16,1947,N,VIIRS,n,2.0NRT,298.68,29.28,D
-36.20011,-72.30624,367.0,0.45,0.63,2026-09-16,1947,N,VIIRS,h,2.0NRT,304.75,21.51,D
-36.19767,-72.31188,350.56,0.45,0.63,2026-09-16,1947,N,VIIRS,n,2.0NRT,299.29,29.12,D
-36.19636,-72.30714,367.0,0.45,0.63,2026-09-16,1947,N,VIIRS,h,2.0NRT,296.8,33.41,D
-37.61902,-73.51094,305.93,0.56,0.51,2026-09-17,525,N,VIIRS,n,2.0NRT,278.75,1.07,N
-37.61759,-73.51003,307.19,0.56,0.51,2026-09-17,525,N,VIIRS,n,2.0NRT,279.43,1.45,N
-36.20194,-72.30344,303.17,0.52,0.5,2026-09-17,525,N,VIIRS,n,2.0NRT,282.93,2.09,N
-36.20068,-72.30876,323.07,0.52,0.5,2026-09-17,525,N,VIIRS,n,2.0NRT,283.39,2.09,N
-36.19756,-72.30113,319.09,0.52,0.5,2026-09-17,525,N,VIIRS,n,2.0NRT,283.25,2.49,N
-36.19629,-72.3065,324.25,0.52,0.5,2026-09-17,525,N,VIIRS,n,2.0NRT,283.41,2.49,N
-36.19306,-72.29927,312.46,0.52,0.5,2026-09-17,525,N,VIIRS,n,2.0NRT,282.97,2.49,N
-36.20197,-72.31055,301.69,0.7,0.75,2026-09-17,705,N,VIIRS,n,2.0NRT,281.35,1.42,N
-36.19498,-72.30367,308.29,0.7,0.75,2026-09-17,705,N,VIIRS,n,2.0NRT,281.16,2.22,N
-36.08933,-72.07088,307.81,0.72,0.75,2026-09-17,705,N,VIIRS,n,2.0NRT,280.17,2.11,N
-38.58738,-70.73954,328.85,0.61,0.71,2026-09-17,1745,N,VIIRS,n,2.0NRT,281.56,4.53,D
-37.73294,-71.24242,367.0,0.64,0.72,2026-09-17,1745,N,VIIRS,h,2.0NRT,293.64,13.13,D
-37.73288,-71.24284,354.32,0.64,0.72,2026-09-17,1745,N,VIIRS,n,2.0NRT,292.62,16.51,D
-37.73285,-71.23729,340.59,0.64,0.72,2026-09-17,1745,N,VIIRS,n,2.0NRT,293.21,13.13,D
-37.73276,-71.23773,345.94,0.64,0.72,2026-09-17,1745,N,VIIRS,n,2.0NRT,292.36,21.39,D
-37.10473,-72.05257,325.16,0.7,0.75,2026-09-17,1745,N,VIIRS,n,2.0NRT,290.65,4.91,D
-36.47065,-71.85548,342.4,0.68,0.74,2026-09-17,1745,N,VIIRS,n,2.0NRT,299.08,8.72,D
-36.46816,-71.8551,329.17,0.68,0.74,2026-09-17,1745,N,VIIRS,n,2.0NRT,297.66,4.29,D
-39.25288,-72.45599,348.21,0.43,0.46,2026-09-17,1925,N,VIIRS,n,2.0NRT,292.18,6.07,D
-38.76459,-72.39955,339.91,0.44,0.46,2026-09-17,1925,N,VIIRS,n,2.0NRT,287.18,5.15,D
-38.76091,-72.39909,342.03,0.44,0.46,2026-09-17,1925,N,VIIRS,n,2.0NRT,284.04,8.17,D
-38.57209,-70.77882,332.66,0.54,0.51,2026-09-17,1925,N,VIIRS,n,2.0NRT,284.12,6.31,D
-37.94812,-71.24716,339.74,0.53,0.5,2026-09-17,1925,N,VIIRS,n,2.0NRT,299.46,6.56,D
-37.10722,-72.05544,331.41,0.5,0.49,2026-09-17,1925,N,VIIRS,n,2.0NRT,300.36,2.03,D
-36.51153,-71.93224,328.17,0.53,0.5,2026-09-17,1925,N,VIIRS,n,2.0NRT,299.62,3.12,D
-36.47124,-71.84533,342.99,0.53,0.5,2026-09-17,1925,N,VIIRS,n,2.0NRT,301.64,9.96,D
